GeneID,log2FC,p_value
107985721,-0.5225742202006627,0.003093727354963479
107984841,-0.5431447274262915,0.02519029348288344
107984847,-0.7718729003097984,0.004722000559110264
107984849,-0.6822996736763787,0.006046673926655187
109623456,-0.6526376171993187,0.002211046289678254
107984868,0.6543658693116958,0.0037251472715835476
219293,0.6419794905826759,0.0018754800498384456
100287898,-0.5703090610686967,0.011237140050764212
105378606,1.0375996722193852,0.002569569079054637
107984909,1.087135669975021,0.00015873948455744774
105378605,0.7636708482630747,0.008881350730208182
107984910,0.6344253474797346,0.013215436630936377
105376687,-0.8033725088281822,0.017177855461836228
100506022,-0.5586704155258388,0.010493851797284593
100873935,-0.506316036878681,0.034377135464389676
105376740,-0.6649209593559704,0.005707529990722281
102466982,0.5215040151701769,0.013832868853950265
7133,0.5936671680554628,0.017510060699254933
149563,0.6445958491999519,0.0020358333454743257
1969,0.9794364458566172,3.579082305535532e-05
128272,0.6460408298853606,0.0024676740415205387
101927876,-0.8740093528178337,0.00972548583425711
644068,0.5304355844171313,0.026294671700827058
978,0.8321235463324843,0.0035891587730249525
3399,0.5747289903331545,0.018792312540561726
864,0.8775440861205217,0.0012454469522143238
79927,0.6312132508397896,0.00934822068265381
2268,0.6470894892432169,0.0026304072413684087
64129,0.7315459823741453,0.0017894593518645613
84734,0.8903702793337223,0.0007705226449798165
3932,0.6005001415023585,0.03775446827119355
84970,-0.5748532960358941,0.011850355272754484
2701,1.1479910237229394,0.00025812404203025513
105378644,0.8062185146261678,0.004365040546285749
100861513,-0.5651955076684505,0.03595490577995661
105378646,-0.5379271388173342,0.0091531225111519
80149,0.6690924809978185,0.010069575366932787
643314,-0.8907473974939624,0.0008504579914953899
26508,0.7654249475555837,0.004442980575967161
339539,-0.6898609831766669,0.004179275176285696
94163,0.5940749703327759,0.0039260425588851094
266675,-0.6160039483472071,0.02021478327511522
100130197,-0.5424435266075829,0.017534227956511616
1580,0.8138822293947947,0.02284179051901581
1579,-0.7925892110419022,0.004726612785038492
6886,0.5507059215542434,0.005236618919067257
84793,0.8168847499947032,0.009124567285790678
105378715,-0.7315607417947325,0.012042910583640523
5865,-0.6633310316273864,0.03954674983235813
127435,0.5683355174938987,0.012650200959737849
6512,1.3402316632410631,0.0009057068033803468
105378732,-0.8488482998462326,0.009455490447194351
163747,-0.9095819697808798,0.0015759510107805675
199964,-0.7186955528704786,0.010646619512753818
100507634,-0.5237055868191622,0.009815417585209367
112267900,-0.6482556384341143,0.03018037866379155
79469,-0.9241893951802211,0.008682005804460016
101927084,-0.5581771259027573,0.020709097036299712
100422871,-0.7211549618404265,0.014864181940654727
6121,-0.8510072845127459,0.03669988863991558
102724548,-0.8499149879801795,0.0004987449787958331
100132618,-0.5428781266481941,0.017513433956477198
105378796,-0.6680860885767665,0.02004976967048199
101927320,-1.0795239519172148,0.00785755008279241
1744,-0.9154491496044388,0.0019513564782437307
64123,0.5752262804827168,0.015018124576401426
255231,-0.7114616816894501,0.016463745092166596
101927952,-0.9653139963283328,0.0028568604443055838
105378863,-0.907437020759347,0.002165981468842091
101928098,0.5620592411116208,0.025483357564664275
648740,-0.6695179457176792,0.003073311888975246
105378892,-0.5729360589014473,0.012607459097902488
83873,-0.8861860557843277,0.0018326243160391384
1435,0.629623537910863,0.007761276596421867
105378897,-1.0179647487931591,0.027017488551128913
101928995,-0.7528855732944422,0.0025213850984830205
101928977,-0.6939437043973169,0.0024997087038643867
112268235,0.6500423466464147,0.01012848765271811
105378924,-0.5457828617314904,0.04772156802177049
54855,0.5608216578466978,0.010693418093067154
6913,0.8200452384749326,0.008962620271890999
107985523,-0.6221941806885356,0.004123555088854746
100873165,-0.6750448410663052,0.004495748067536108
647121,-0.6950120747927224,0.002981281547787386
105371172,-0.5282587021734826,0.02256409280467611
105371217,-0.6428651617531613,0.005784444320671681
107985595,-0.5242255989011578,0.02147004312028427
105371312,-0.5544361443272798,0.018104881812619288
8515,0.8258434363594249,0.0004577954090972442
101928979,-0.6996029666781345,0.001627017507866967
100996756,0.825868684087447,0.0035753912206113805
105371427,-0.5347607560416128,0.0010465481315819905
149428,0.5597997116972344,0.002758995794865426
6281,0.5834141523722112,0.024654763102419475
6282,0.6839588698306844,0.014819220401715487
388697,-0.9534199931333283,0.0058142129103821525
6706,-0.6066665688461723,0.032509604073294
6283,1.5154124711612877,0.002251078701158351
6278,0.7372595785606562,0.0062994976057326735
6275,0.9374662232949937,0.0030296606734620565
5872,0.5599072904235367,0.004292598125609323
91181,0.6459610183496434,0.003350994854610505
126668,0.5486822439638219,0.013630811632123012
693140,-0.5625326306746388,0.027147973012870273
375033,0.8468007099039987,9.71819991127734e-05
768220,0.7173158246829512,0.0015198628482738549
1401,0.5982411807616536,0.022187508903671844
8407,0.5150404970345761,0.023997320098224705
100287049,-0.5953960465432404,0.007012854406709909
3310,1.4955629304394709,0.003186667629867139
3311,1.254961519567349,0.0032366456383700476
2215,0.74524010518852,0.041038462026152175
2213,0.8091571015100625,0.04417003374819575
25903,0.5483337536363928,0.02295895506500733
284680,-0.8565655966088741,0.023870223328349205
101928512,-0.5336354311460552,0.012103482180775893
2328,0.9911014298001621,9.726068193985501e-05
2326,0.6941458431316905,0.020201695302488953
462,0.9649151337054178,0.0004807894739026374
107985230,0.5114727645734518,0.04227042708545557
85397,-0.885799003660547,0.018763724977768025
5132,-0.5599199824528869,0.03636789645097305
100616345,0.5110175817305915,0.010648433540630541
3075,0.6452208114185609,0.03631233775786419
10878,0.5874249480924738,0.032354949069413254
3078,0.6369505072826254,0.02232999962552601
102466724,-0.6532914007562048,0.0018265056846850254
730227,-0.6767019575476321,0.016099681272998573
5549,0.8627741635621131,0.0004691254500240989
127845,-0.6129444112350022,0.01994630264723199
93273,-0.5736333046396473,0.038015053550811036
9214,0.5261295527246097,0.02605028897724216
407026,0.5861164456634258,0.010343360818299317
407025,0.5862148560594069,0.02683171530674193
107985254,-0.8709365518264878,0.00798858329567205
105372891,-0.7643840878597066,0.007690458964596494
50486,1.150025909000239,2.5917147769428285e-05
105748977,1.1058119392145578,0.0029597362696030293
101929565,0.5933752503660594,0.022667890773603948
100505832,-0.5070958908246483,0.010704356298079419
103611157,0.5161140526493515,0.03205585520499746
105373475,-0.5936005170341296,0.007273034447557942
6791,0.6406025003847993,0.007609396533001089
105372956,-0.650412254266417,0.0022349759516690757
102724046,1.3436108643282783,0.0019188991333497292
107985323,1.1325126111328148,0.005982969665618938
7100,0.8262811882281547,0.0008131205528174284
105373106,-0.5291808035612235,0.039778779981292
105373116,0.5541346772108589,0.04480813802724956
105379282,-0.5824584153134484,0.012097928550335566
105373122,-0.5943782007246878,0.04004367937669846
105373289,-0.8065657291503445,0.010903320198653001
100506571,-0.5261057843129877,0.0165793611007103
105373159,-0.5579947162134617,0.01652007417752278
440730,-0.5228199897012757,0.013366691349613675
645339,0.6885626785556502,0.0012165703951428498
105373196,0.5116560700483658,0.021516456386404665
54627,-0.6661998790859593,0.02423724555056474
6894,-0.7922598567860248,0.00173236116237996
101927851,0.7801556951953902,0.007106092977503623
4811,0.5617675469783858,0.02475332301066691
100287902,-0.5705177510413058,0.02766713867647402
4548,-0.5084500604538835,0.0035908710421794234
105373225,0.9842809973930997,0.0014213030508565046
107985599,-0.7669881401235843,0.000906207189362716
255654,0.7551527766794937,0.0024401526840815953
26245,-0.6935212843746886,0.00734770152025136
105373277,-0.7704645714771883,0.02703548447306642
105379523,-0.5775218319792901,0.03891685197501144
730811,-0.8088177914535235,0.014387784117979098
105373390,-0.8132070692034494,0.03483480340175147
728597,0.8075065859818054,0.010558278920488424
107985847,-1.1963389002339797,0.002246101610796159
105373406,-0.84332070893289,0.01924637785964174
101929715,-0.7045270996914184,0.0014403350513440562
104797537,-0.7384585544054303,0.016088438164229377
102723401,0.7088323123394296,0.0038431418684122484
150946,0.5089027711299181,0.011832335873904155
84226,-0.6662626918185399,0.006545847550875702
100302650,0.6515450505696503,0.005097984349876593
285045,-0.5868200095948737,0.04717112487299017
728730,-0.5166180160746485,0.041901789875423735
101929667,0.5345352604940623,0.047983312667356934
101929700,-0.6372408431363396,0.005015971898992466
105374506,-0.6387401408166347,0.024735574196458453
112268413,-0.5513664774498763,0.030592353681068322
105374584,-0.6276143566403363,0.0031687942595144073
107985880,-0.7188310669112357,0.009456162014007763
618,0.6780429154565049,0.018877752794120246
388951,-0.6003027331270903,0.035655755271760924
107984043,-0.6338110198625957,0.01890367402499674
105374771,-0.5391534153918833,0.015825900146127597
105374789,-0.9253847473307859,0.0008629075148542219
165530,-1.0522555387358608,0.0020979548063688744
6697,0.7284519169778463,0.00015842060052630077
100189589,-0.7565279221887344,0.0031547905421704806
85474,0.7345344694997489,0.012454525993655988
151534,0.9351458488857407,0.0002826988134890104
105374808,-0.9674970423211189,0.0018792408764303132
83439,0.5269569828764897,0.003853129831080114
105374842,0.7360777180138423,0.01903987014756311
84913,0.7138476559447753,0.004028981333678738
692225,-0.7048060133078065,0.005990657521112408
105374845,-0.653808497153975,0.0354420322522832
107985772,-0.5702894467925358,0.01172919630014314
102724642,-0.5067670693840833,0.015866242317444133
105377635,-0.7455670344354166,0.008183597451063078
2168,-0.8297660139838317,0.0165623831622294
101928347,-0.5316503801470325,0.008309140403127272
101928403,-0.6592822339300763,0.0017705257231322347
102724805,-0.5536550045634541,0.029685111965128536
107985798,-0.5773804445332467,0.0003158270160901743
100509620,-0.5767221473091446,0.038072069277540664
729171,-0.5262712087357335,0.02541817038943639
400986,-0.6497086317536951,0.009490002182113096
10865,0.6110819757650923,0.0016471464440449475
375248,-0.5003408912789649,0.010296026454771054
57730,-0.513115267961604,0.011936038327077006
105373504,-0.5656417363128386,0.008693191488462012
731220,-0.7839120248247875,0.015137915134576112
100506328,0.5946671497305491,0.004572829059485935
7850,1.0322311784637588,0.014524075702952404
9173,1.7935432479258884,0.023657904049641357
8809,0.9203477152775292,0.04668947354154108
100506421,0.5546550998458191,0.0009555124241928725
11250,-0.63939715904701,0.0391734418949078
105373585,0.6343228992161658,0.032061206646820176
100151683,0.7172011455191232,0.005222021156911694
2995,0.5719451444500105,0.00426030076005348
389033,-0.7689095922348614,0.02971945953325823
100131320,-0.6128131876274976,0.02343693746859315
100616378,-0.5421969308460777,0.03839667032757277
101928067,-0.8032378517962884,0.03167192479036462
130013,-0.5012668930518163,0.006240009654356451
112268426,0.9333086286034051,0.0004705443598831685
7852,0.7959806312038991,0.0008131741924647157
105373656,0.5042624014162769,0.0013501795865667665
9595,0.7962668048672183,0.011019431493967972
554201,-0.7137481393074845,0.0015199820080915485
105373722,-0.9373643105119436,0.023885885131436527
101929532,0.5141470970555755,0.03119833285978623
100506124,-0.5633914569832941,0.015597959207466892
2571,-0.7764414836952227,0.031196041272247534
107985830,-0.5031763236458947,0.024540903818987204
101929963,-0.5129879712059164,0.020095189428980486
107985784,-0.6724099649722435,0.0069618279751404825
151112,-0.6598339618797606,0.023449596642983735
7035,0.7303742040646215,0.01044629654012361
105373802,-0.569275894584254,0.006567775485463404
106635540,0.5955646149957872,0.00715583823370376
105373828,-0.9516903212365837,2.6537745572027155e-05
101927687,0.5337380965159464,0.03289615366540687
101927960,-0.5652581226233082,0.046028545941272064
102724820,-0.7987165975072608,0.006988033425011547
102725082,0.6848541345638814,0.013681527452373004
107985980,0.6481349261566436,0.01617561192117543
101928156,0.9091971568113157,0.0002733356021347373
101928278,-0.7416555726090257,0.004844554897737776
105373877,-0.7003587730949836,0.00754666791405653
3579,0.7489933352461065,0.018903083772696724
3577,1.0456441842565576,0.0029606719883483014
7475,0.8970959287831137,0.0029129181928875696
151295,0.6701742393741688,0.007210461009542264
80086,-0.6579712516570346,0.034374055082471766
105373883,0.733050445449769,0.005941063716916855
107985989,-0.6830711170009516,0.04560195814635373
5077,-0.8223532782143549,0.005808241512471894
116255,-0.5499066299096109,0.02917878107600957
23704,1.3310038511735236,0.0001322096407028724
79843,0.6224525154539302,0.028323414243350324
56918,1.092962758748479,0.0009913366365923333
729968,0.7976995661603565,0.008744518853618972
80704,0.5451051215405327,0.008951382837199621
80309,-0.6631269245489602,0.046809992864709056
151475,0.6761570705176445,0.018478814239077164
151477,-0.5898239379205554,0.0016335989030088448
347694,0.5988857447708493,0.03455212526835771
105373943,1.0621966859086163,0.018243638058783013
79083,1.0506038639741244,0.0026554980807131693
112268434,-0.5488015240380195,0.04029065410166282
150935,-0.651555654376136,0.016100087944164933
150677,0.7202307599121642,0.013739409847946218
406941,-0.6196783225120224,0.040452152385249227
375318,-0.6154846555760176,0.009239326450484368
107985788,-0.8418100696354949,1.7488482915703553e-05
105373975,0.522307306064997,0.014150921415854705
64090,-0.5628724669666489,0.032467999106418864
115795,-0.5390521470215051,0.0070356959129003315
100422933,-0.7342646362879042,0.027307041249381877
102723663,0.8216969774089138,0.0022605962943544966
107986064,-1.1857153040912247,9.07193919812662e-05
105376982,-0.6100673398243415,0.02159059549854955
151651,-0.5890424309819684,0.011766895790855634
151648,0.9709743449746266,0.0011457455245266928
100873979,0.5654124085513725,0.030894286967052972
9881,-0.6560202874377623,0.022240150485347443
105377033,0.5864134710579156,0.021512549817415405
11280,-0.5814163791690383,0.0033316334414459437
165904,-0.6751465608881597,0.04219095536563178
406929,-0.5799466921016803,0.02539300704106893
105377056,-0.5968776215129874,0.008117426349597199
105377063,0.8251724938288287,0.00037989040072451284
9034,0.6526736929405494,0.002431128607689684
339906,0.8040354782197936,0.003367142621147157
5745,0.6839059481134875,0.00020781787127602657
646424,0.80391746392467,0.008982918476911307
100616112,-0.5843519925407321,0.014680858452676
3913,0.54229377230841,0.006397256486103332
102724438,-0.7193386061168181,0.0028650386689618836
100775107,-0.7191514534677896,0.010647175539260636
6405,0.7969440918010031,0.0010302206679630745
107986085,0.6968228826391156,0.000988556761685877
100616138,-0.6956617301771801,0.0031807836925167206
51533,-0.6903985017852401,0.0007297188023763236
23166,0.5826468593894933,0.04441781247994405
100873993,-0.5308463729866384,0.016965666553866686
107986087,-0.7496111991163048,0.009920232023227811
100874039,-0.6022219212734539,0.005043629827245894
100874243,-0.8184581794274282,0.008970827372382218
201617,-0.6444794406594259,0.02066189016436472
105377161,-0.7279912812796387,0.003338631463447709
112268455,-0.6400724592645642,0.01517720651034438
105374010,-0.6372535929188146,0.010930713288062777
55076,0.5493580734189605,0.030876973674632692
105374024,0.7840776053742822,0.0029973011525800037
11148,-0.5268673836203703,0.048145310321052674
57650,-0.746329480659008,0.013932278327591993
151760,-0.7531623718859823,0.006630103814046585
257068,-0.8982008205224057,0.043283212694615776
112268447,-0.5117801828219974,0.03944415755583921
100506621,-0.5015388767435223,0.04351254681301454
54847,-0.520397663315677,0.04513923250718023
1814,-0.639573384462419,0.04627727101910987
105374051,-0.5907306935718698,0.04005382644645494
51365,1.1643526764211733,0.0020521391513321214
152015,-0.5309062064057342,0.023264457283966408
28999,0.531452892276592,0.009164918731828961
101927167,0.6247447699358037,0.007125951281849167
105374102,-0.5107109955698386,0.025780417046861362
729375,-0.7749388795182064,0.00896504465893758
105374104,-0.7448313609332535,0.006222601007090625
107986025,-0.8500875313390952,0.0007179292560151924
105374110,-0.9636862045418195,3.0579090498175726e-05
8419,0.6415559232798778,0.012172560241941794
102724019,-0.6729289404163556,0.007073200121062538
105374127,0.7130424517974108,0.015825722991446262
105374140,-0.7985290189959211,0.00539956550093959
1360,-0.7448034711931308,0.04512150271437832
116441,0.58498314246678,0.004073639875713928
4071,0.9303970456221524,0.0009097739515493759
9934,0.5308113072348837,0.021074201357989427
105374164,-0.52178100889983,0.026571874556461626
105374165,0.6220347166232307,0.013755017942991523
105374167,-0.5701523229747609,0.017028312533264253
105374187,-0.5054263929050631,0.03108328546208901
6476,-0.5608755675523871,0.014875419848768986
103695433,0.5681364617655662,0.00670138960111933
93556,-0.6660417200307185,0.03225224047194801
6514,-0.576629693782496,0.0018614841223225478
105374244,0.5270201485356946,0.030066589584159798
27074,0.6543834025058275,0.018179803513852365
105374253,-0.7244468483399413,0.003135837927829849
109617006,-0.6903284916992445,0.0037429107108739993
401106,-0.8555839307770059,0.01544166166576791
101410543,0.690458121501357,0.021571734526056315
107984010,1.2661725830360646,6.742165932894888e-06
107986175,-0.7535311301319325,0.006765834361777682
100873947,-0.947990199578201,0.0017755933323797025
79963,-0.5830485658558828,0.01866429291863795
105374341,-0.5212809762060036,0.030678928029540673
10417,-0.6446866920724545,0.04847336006218818
79155,0.528106608748276,0.002612210692875096
4487,0.7675291923868173,0.0009683043720260658
54360,0.5239147971502547,0.03647932588872402
132884,0.8368762407767676,0.0007058021767283314
339988,-0.5275279060495572,0.032778505262365955
6286,1.0503867084795213,0.001374671256117819
105378240,-0.5502642016811192,0.015389088075704539
54436,0.6733791006554828,0.005038824730106613
105374376,-0.5867328187339799,0.022713933507513297
152992,-0.6811740096013263,0.0008870033921068973
100287178,-0.5178599798835504,0.006801408465266146
105374496,-0.7312668403622311,0.025607328418097552
105374516,-0.5576537806334365,0.045228583214289096
112268323,-0.6788417597728418,0.02587471894942284
105374524,-0.8091899952413064,0.04932024872003501
693158,-0.517068467563135,0.036227605656939374
886,-0.8155814402684878,0.005815116282307305
105374397,0.6077513750734442,0.003171650835204867
10744,0.5407499061553129,0.030388821502483204
105374411,-0.7821280398042383,0.015450188843590167
344967,-0.5673992788378075,0.00956275789321497
54502,0.6666058964312587,0.04384079560756328
101410542,-0.6479211619101535,0.03497564720206829
105374421,-0.6633260527189924,0.0035519076751169554
152573,0.9558152740672474,0.0008469221106140994
105374438,0.6279754916767044,0.016297507852656858
105374443,0.6094636866548702,0.010171870759937309
643783,-0.7099670875056985,0.012554627273478303
9407,-0.6708860549025193,0.0015337499744950218
7367,0.694142513996103,0.021783277354233577
213,-0.7298095822197093,0.006053898676155068
3576,1.6398844691970509,0.0007639006419964525
6372,0.9580654664573335,0.0005952492279075497
2919,1.6564329182110225,0.0004683015826294914
5473,0.8539257826926687,0.006169952173603039
2921,0.8940318989747609,0.006982305452425598
2920,0.8200080018316385,0.04788337880687088
255324,0.5479654762924999,0.015228871927652479
107986289,-0.647534562931123,0.015601673157874666
100506253,0.6673659275979066,0.0010569242661753301
105377294,-0.5173617360872207,0.02342309994177038
100505875,0.7208056304676083,0.021077103413002965
105377321,-0.6719132521662114,0.015589176854202021
22915,0.8943394005731307,0.03488217956824257
125,1.3516405224314312,0.0017520495269093246
126,0.6506269925528436,0.024353049709981978
115265,0.6859714819049456,0.009205799290015765
101929468,-0.7727867634853007,0.0025443808847558226
105377358,-0.50001268878455,0.04282511617956367
84570,-0.6659219507294454,0.031928407019168756
645078,-0.9777687552652398,0.0004163640260141996
3426,0.6639651487174518,0.03368125148355524
105377373,-0.5263919518814593,0.022637755007432803
102723914,-0.5298223311639376,0.01757502477704658
645455,-0.5936853222099074,0.022366613395763357
107983979,-0.5607213987915962,0.013507070915079503
105377399,-0.5490790777637136,0.01876798208716374
10733,-0.5378903263862629,0.02603860663840291
54510,0.5040829766451926,0.02962571351316012
105377443,1.0443383694904727,7.617508000470869e-05
105379412,-0.5746089741513889,0.0036045482253894614
441046,-0.7657595480393344,0.022275921614205534
105377486,-0.651694136665814,0.03488414774311031
102191832,-0.8281974321812129,0.019676883982615034
105377508,-0.5137305243354282,0.01567239017757906
56884,-0.7564580718269553,0.03614116444737908
152641,-0.6545473389429364,0.013757776979981805
105377585,-0.7908575589360529,0.012028306646199798
448831,-0.6023932565142012,0.01497389101105758
10723,0.5370995906175651,0.0016687418751055256
105374612,0.5532125262629792,0.02652249443091056
109729133,-0.819536003360215,0.0010768392461599214
101929261,0.8394258954801659,0.003528244456236956
105374651,-0.5651325855359337,0.02793638408536904
113218502,-0.5796050766952803,0.03999488042082894
105374654,-0.5036129118174615,0.02892796655498018
105379640,-0.6401076779630919,0.011783601978306175
401176,-0.5677442602493783,0.048786835999668085
51289,-0.5718396484541457,0.03698397404378189
3575,0.5762397500431828,0.04302001603986754
202151,0.6710898983409059,0.01312875654626754
107986413,-1.1652330903690258,0.006668891958068415
105374728,-0.5454800939365045,0.03432631860598988
730,0.8769631959393047,0.02459667015847943
389289,0.5046446006175334,0.01530382644922917
105378968,-0.5854358793602743,0.013125732417047932
3001,-0.6120437314879072,0.02084205910796035
493869,0.777499506191953,0.022110242988824344
102467147,-0.8603439690585177,0.003393781518104059
100132916,0.6726711105893006,0.022549242896904013
4064,0.7927982773195712,0.012621551740794011
2297,1.052650568981072,0.0002963323985984345
441087,-0.6150994451491469,0.016111948384502212
105379042,-0.5234059222396807,0.016447555703362406
102546175,1.0031970376047301,0.0017196304527605148
105379051,-0.6264712234311615,0.02579008709823733
407047,-0.6157257465497752,0.014274099003572823
107984114,0.7496010239550701,0.00688761530780759
100133050,-0.680555907765253,0.007205473199291566
285638,0.5883628488239085,0.013383718750663848
85480,0.67686027631306,0.03207408641950041
102467214,0.5419018917705039,0.042878994701287886
105379127,0.65069093745335,0.03370950976029881
105379132,-0.5203021930013465,0.001071308918188135
105379133,-0.5589401405639385,0.029829574241071098
107986444,0.5929168369341054,0.010967220153919302
105379154,-0.7458056577710415,0.005200656487544863
389320,0.7452005327693314,0.0046198005199216165
102723638,-0.5943581231633217,0.042473773986227016
103689846,-0.9374998360208853,0.0011951616695148948
100127206,0.5915608226827478,0.01015507570141845
105379171,-0.6119835062020126,0.028840358176861102
728637,0.5496930710057084,0.016546729242574502
100861518,0.6474463423168615,0.0005846766239166571
3567,-0.718085347791096,0.005634323792669488
105379181,-0.7572104281542211,0.030489780348018934
107986450,0.8337577595657519,0.0004323844568266605
153328,0.6252526111301329,0.006817072596907989
107986453,0.633847612093474,0.031071306102206014
100130172,-0.5053699240493499,0.031443363821118994
7478,-0.6203259499979197,0.04247236770217852
105379195,0.5699869188227225,0.029590266437755943
724102,-0.5281220208069612,0.007476723384224483
51237,0.50405724005229,0.028155528597931183
112267934,-0.7233078204111081,0.015439824297632385
56134,-0.6159559174063123,0.022899668133623322
105378199,-0.7537882998277925,0.002404778509584083
729080,-0.6990297245408357,0.005044160330952563
101926975,-0.621709160041132,0.04940466883747344
11005,-0.6018260579882346,0.019572489432890038
3360,-0.9476873106911103,0.012126075835260769
255187,-0.9604903534439215,0.002040517001869919
78991,-0.6248021809595592,0.008760836448727905
27190,0.6420978648314948,0.009896355817122095
5159,0.5161887381646242,0.007060333105059822
105378228,1.1376749479714245,2.3828351640951933e-06
107986463,0.7408804304000038,0.0027755984437642595
112267936,-0.6500189175721922,0.009325457595476807
23120,-0.5477183505473331,0.011353578394392022
2559,-1.1129428961406926,0.010772110941667863
102546299,-0.5580802197018173,0.012353997308678904
8614,0.5798100666614721,0.029062141836843428
102724551,-0.6129642522013256,0.022832248687552504
105377739,-0.9444841986854158,0.004106298683605493
107986484,0.5172094149698628,0.014143244434345236
105377743,-0.9930535993333622,0.0033575270967444756
202134,-0.7306693991295692,0.03866745980582505
112267951,-0.709519466318481,0.014311215486538098
107986492,-0.7393933404564903,0.010385788809607086
285676,-0.5455252184410009,0.008002388864824
102725231,-0.5408869532220186,0.03913157388671938
2324,0.5492493118664648,0.002921293867181553
105377766,-0.6044799897050503,0.045791204770425455
79908,0.7465715558352009,0.005829673594450187
105377771,-0.6449803092998723,0.009052816497785308
107986495,-0.6353820128475602,0.028236842901992784
106144586,0.5930484481128602,0.02446387579426503
2296,0.8265102802466329,0.002123216166728207
221749,0.5640576249568525,0.008887048601807255
648791,0.5038570293657543,0.01971473733088742
101928004,0.5668178412922913,0.04976998852443902
101928076,0.9612060319759184,0.0022684610682244368
100130275,0.6089759044529555,0.022215266903894217
107986567,-0.7119685776740456,0.036424131098308915
105374933,-0.6529725677777471,0.00790493739725097
102216342,1.0317909298559913,0.00240334382449249
107986517,0.9216345317283474,0.008101578708316208
101928603,0.524530216768655,0.02358453870000422
3006,0.5463800590097607,0.021588310563347632
8353,0.59179615544326,0.040067184108914036
105374986,0.6130550848450611,0.0001534232556968804
107986583,-0.572531321398996,0.010401728170867824
100507173,-0.6743814405235464,0.020811106147282432
222696,-0.5392973050068601,0.04586629833174559
282890,-0.5459541113836766,0.007844156719119885
170954,0.5508580302879178,0.005084867493739024
8870,0.5428863708943501,0.03164908141456729
106478957,-0.6340082654534758,0.011872528918363035
80739,0.5221550788869584,0.04500036915364377
1192,0.6868008755371076,0.010435116782169972
3305,0.9211898435146422,0.0001278405243465969
3303,1.261974070994592,0.00011117956350214753
3304,1.151264492522376,0.00017602557535986257
63940,0.5590425785217423,0.001884189174762731
56244,-0.6002439015834815,0.03981527170424288
3123,0.6291128855034245,0.013202845297099964
3116,-0.7400549760499393,0.03930865302097039
105375022,0.9599705010212785,0.00016772226025268377
6954,-0.6246013993902837,0.02735070098027946
7005,0.5300215612218144,0.03871677857974445
7287,0.5219655586795988,0.03063111288409281
2289,0.7556688243618606,0.00816382018368524
105375035,-0.6038055177421704,0.01891109236985911
105375034,-0.6339353853336243,0.012806078420642013
1026,0.825305675345005,0.011814902335929451
107986531,-0.5237565105905526,0.0186323303952247
1769,-0.6124382653147915,0.026974010482498513
105375053,0.5961952939976853,0.02692039166847024
222642,-0.8553472295728903,0.0026293155266944083
4188,0.6271798186927962,0.008970949239346349
105375059,0.5014028199113174,0.020434401055111483
101929705,-0.698494296224399,0.011388254077506264
107986600,-0.8689472082599474,0.017458848785170206
107986603,-0.6657969616329698,0.009780306939508437
27283,-0.5867171851954289,0.03887804830013027
112267960,-1.1742352146870676,0.004752305522663614
115004,0.5490981339786298,0.0030453762795340593
55603,0.6211628719750477,0.0038741317844050885
9096,0.8118475399519713,0.03110301811153052
101928842,-0.7686186843801113,0.010408082621677665
2569,0.6513142769999015,0.0021766658553772945
2570,0.8478950342026499,0.0019649885451053528
105377887,-0.5639733188886824,0.02092835003658254
101929057,-0.7836349109799938,0.00039570394925864203
57531,-0.5144336194212933,0.012828948679908777
101929716,-0.7270627470150413,0.02160079704474697
101927538,-0.5101722519422558,0.03641655625092294
107986634,0.5415373194506291,0.00561048724625994
105377963,-0.6213575549580761,0.0031237121945786677
105377979,0.9017778817913573,0.017912419459666026
7955,-0.523098905090349,0.02219415652869287
7164,0.5878790870839516,0.008210108969321962
105377993,-0.6704366860095341,0.011984171841599804
105377991,-0.5281702245097362,0.04079900778168047
107986642,-0.6619755310483653,0.0038159142358271643
55350,0.6369195919942985,0.009895751129628719
8875,0.657219910142901,0.03982727436791688
64065,0.6605521982517208,0.006800589204672274
23593,0.5305436987643475,0.003430393177795701
102723690,0.867368465448666,0.00037021268280731094
8676,0.9350877830798803,0.001517857239420882
100652739,-0.528591930484291,0.015115946515889106
100505475,-0.5213678492505633,0.04935300600161684
101928923,-0.5558237554657015,0.031114367514177104
94120,0.6867936762623685,0.00257358493462853
105378085,0.8334926120309465,0.0005161310582630652
6582,0.989481853137331,0.019503998641619197
4018,-0.6547271026875419,0.02201817354695378
729658,0.7223400653077947,0.03679635688443579
441177,-0.6470035017152251,0.03653708532017567
100289495,-0.5627991866265143,0.025943758456311902
1235,-0.6565281513793453,0.024547661521997284
102725048,-0.73190070484519,0.018517217230820525
105378130,0.5939781328709623,0.021259482244916843
26238,0.6358598413726622,0.011414365743441212
100128124,0.8330069406130853,0.044385492278937254
100505879,0.8796341969719363,0.04008692136427175
101929484,0.8177025029236653,0.004842256580654526
107986675,-0.574141753269175,0.038005300115078584
107986676,-0.6517952006424133,0.004622283946031949
105378161,-0.8170223381613066,0.0057574259731316005
105378157,-0.7624249299879278,0.00991984980670103
102723872,-0.8080244659075424,0.0014677514540389726
2852,0.7277048284791059,6.050800669023067e-05
402635,-0.6973406622718841,0.019555381676469828
107986760,0.5117986759531012,0.012694774179734376
392862,-0.80112999699654,0.0028091284582288326
101927354,0.8556795504736874,0.00031992440459381545
105375168,-0.5932492669049587,0.02258654694189155
105375169,-0.5540238932588064,0.023615667226847607
7291,0.5606906039680775,0.033848392199028215
105375184,-0.690958301151418,0.007950086890641955
541472,0.9679953411073272,0.002347290015264676
3569,0.9677688185588904,0.043907858067872924
9808,-0.9120473440440806,0.014719630851289378
105375208,0.5792506381805609,0.028451468740668808
100128081,-0.6907397514062295,0.012513193668820073
100271874,-0.5132013123111738,0.004496837466712924
29881,0.9280119881364155,0.026832655623353737
677796,-0.516339582233841,0.02093843723650884
10268,0.5213704505423138,0.005492095735170367
101929008,-0.6098375342166991,0.01567042253991567
105375278,-0.5959880065314194,0.017236985803155542
105375287,-0.5837310609606141,0.036027742764348475
105375324,-0.875640243324872,0.011481454284604856
105375333,-0.5238392251484423,0.013702286015495026
644619,-0.6225061997554286,0.0019353953855471991
677807,-0.6002293432027006,0.03747048485224366
84214,-0.7016950802324471,0.005177743903249268
107986707,-0.8954412527509292,0.001411677524037298
101929580,-0.531945017593431,0.04405246329847174
83698,-0.570569248485727,0.020688028610148505
442578,-0.5274733554996249,0.004205087213766954
100996746,-0.509768464883912,0.005109511579316032
8326,0.5604519661774319,0.001734316684811521
155368,-0.7128854284524504,0.010329571824539292
693175,-0.657168427646194,0.0168896095836585
7462,0.5088377355598146,0.04310376426153347
107986742,-0.652663842024916,0.0019104995171971655
442582,-0.5844602258058318,0.002550016677351117
5383,-0.5606886442856842,0.006054529678606606
54441,-0.5500911924165264,0.004361572277544326
10344,0.6595701239935055,0.026984547823203937
101927126,-0.7569490805356411,0.005221899477010999
3315,1.1956404058889767,8.785011168522652e-05
107986714,-0.9867403670483954,0.008949335473111285
101927269,-0.5083283116866683,0.009069281337394621
3082,0.7388789883909519,0.0313539830162186
112267986,-0.6063505213366236,0.04549030771505443
100302218,-0.8931951731820691,0.0011365440295107569
30816,-0.9938413119544758,0.000597003085821702
7980,0.8294384108056705,0.030272766832136633
105375402,0.646686427276183,0.0013890625426009765
2791,0.5497520297077596,0.014991400511306612
1278,0.8007114070766601,0.013143144370256953
105375404,-0.5800300651628438,0.048600948588011846
107986823,0.6983775293366319,0.012696984552403015
1780,-0.5649637773063727,0.03109974108857705
285987,-1.1006111288477047,0.02434048415075427
84176,-0.511037154443188,0.04485284293066057
10095,0.5229662766061907,0.006086029021122251
79037,-0.5812049050818846,0.01371058264751478
402573,1.029115898936297,0.001228041849711528
100316904,0.7803790266539448,0.004628361679579574
5118,0.610720249014693,0.008069271956604087
105375429,-1.0361179977549648,0.002791019685156809
5054,0.8928853297040646,0.033351487480066964
375607,-0.6731184562354278,0.03509145210564473
349152,-0.760144022357431,0.011064892279005888
100216545,0.5117702773121042,0.004434290219380507
105375457,-0.505862958807721,0.0316330930361799
26136,0.579024239494105,0.025116821450126635
105375469,-0.9436859184071991,0.002776470798613487
107986845,0.5360821646991711,0.0072434727480515425
101928451,-0.7947469371607037,0.0042694175405713925
105375520,-0.8349122446578185,0.007968765497303455
107986749,-0.5373480830584136,0.019432225715279056
136306,-0.5320807153396068,0.019433540766439997
155006,0.8221316346892578,0.005512663599232233
135927,-0.6452990213460454,0.03359223391780477
7984,0.5448357882926818,0.019170510441713643
6084,0.7897674680108753,0.03041279444332495
100189029,-0.6244480837972213,0.017807141319988885
105375560,0.867038827421065,0.005588829043458034
100527949,0.5064531913562478,0.00963222994722978
55340,0.5075365957311702,0.011852816305216809
28959,0.5008101411942789,0.03837788730516787
55365,0.5496668472272237,0.025186263361740267
105375567,0.5340394059417561,0.0321685789082221
4846,0.668969323903525,0.005705976654019678
389602,-0.6348235022498007,0.013641915959345106
3110,0.6494706702562916,0.00440804100064831
169270,-0.5718917919752631,0.00682762323324871
285,1.1192136435677824,0.00030903322682121747
1667,0.698589774800166,0.034926205058686766
349196,-0.7424207009987809,0.006219225023188155
100128890,-0.549298373043813,0.0030519583885157218
401447,-0.5227471903428955,0.023663810087437436
105377800,-0.5976791351194732,0.04784597301082266
105379215,-0.6925471724754644,0.00959731250919144
100132103,-0.7924590424452731,0.000469213281578366
286042,-0.7951899593021201,0.0014850087566448912
137075,0.5739586125818499,0.014578828550077506
101929191,-0.6859165452073279,0.022980834826475793
83650,0.5269431010856835,0.019760490063562283
100132923,-0.6388287571954221,0.006187659892049082
729689,-0.8567797907769572,0.00022094450381049424
85002,-0.545016417674427,0.0008626640977566667
100133172,-0.6375846129186291,0.02932310986427361
389633,-0.6201813599242696,0.005745140531251995
653333,-0.6348414983111867,0.00041081457054436795
107986918,-0.5072502156769574,0.013043847715945986
6542,0.616378398740304,0.03412347709064684
105379308,0.7853143827979294,0.01037190926566808
6570,0.6507944768456089,0.030187209954021466
79873,-0.5470094850743168,0.010607284084228102
8793,1.2750301741482541,0.0001670563398032704
8797,0.8803096959477665,0.0020422127803990226
105379326,0.8778323912482637,0.0003649703185324175
6781,1.5087138858231492,0.006530244953894668
107986882,-0.5836638934058989,0.04177729394975894
2796,0.5032444996449774,0.005947849856808855
105379337,0.5755521032498958,0.012317421538804033
105379340,-0.6160336226718768,0.002575288421363423
101929402,-0.7651102379322321,0.0009022610345531156
105379346,0.9248617976307996,0.00460297968382546
11030,0.624130237391701,0.016263965604323843
105379383,-0.7280360890760171,0.012457347346078845
105379393,-0.6415500705912323,0.008402488061632839
8973,-0.8660070028816875,0.01793317441551003
84197,-0.5192594895071565,0.015457517364425145
1052,0.8074698116710408,0.004512651190631249
101929415,-0.8754924337238306,0.03137596447659245
105375879,-0.5880258643907283,0.016096779071013343
107986948,-0.5112422890006343,0.03143700924597281
112268029,-0.5086677074692417,0.04923691724123981
23643,0.7188496062521432,0.0018075198259541211
3574,-0.6945012534732822,0.015888483995336086
105375919,0.6866629919337461,0.011129116859058942
105375925,-0.6670106454124849,0.024260196005995365
102724670,-0.6360939084383068,0.006220147769294122
2669,0.9606380551093272,0.0003844038633343764
26775,0.5269057455266895,0.03983699518202708
286151,-0.6081632010975948,0.03271001395017008
105375674,-0.7490838439135596,0.012695198552127062
105375676,0.6117840552525333,0.02805116992774754
107986963,-0.8493183305038412,0.008397576689366512
105375683,-0.5615733786701904,0.01124811940925667
105375691,-0.5022670419155155,0.020262228086406573
693127,-0.6973705327864883,0.0005452538666317535
105375701,0.5574323123353466,0.04362784748541778
100132813,-0.9200686845516879,0.004373267914202807
169026,-0.7206789379214933,0.006158958080063654
105375716,-0.6607638374815656,0.0321034533213967
105375721,-0.5608246447767826,0.04625998401121781
137835,0.5572967476059247,0.015745975502768524
8840,0.9272941605117109,0.001091500166807949
107986981,-0.5852992297854819,0.016097535262633324
359809,-0.5052601260692011,0.04084769048530546
105375789,-0.5001483776945123,0.045978718008293944
619434,-0.5516247429238663,0.02570617470831987
100288181,-0.6636020446489512,0.0013784370663181295
107986984,0.6198507882318574,0.0277229651958349
79792,0.6030086144559199,0.003010080589743065
101930053,-0.549013923442919,0.02403063036361265
105375956,-0.6826535181674318,0.021787992472581664
101930048,-0.5053018813691925,0.04426889450368212
401491,-0.6908573791547674,0.01661538036363707
169522,-0.7248422251577611,0.005532403106872128
105375959,-0.5672744687631949,0.01872642530185752
101929302,-0.5653209453075956,0.018138014851276738
111216284,0.5287713437481583,0.023171748348198778
105375987,-0.8291943874390735,0.003919983931047555
123,0.5873415321103685,0.014889435683165902
574444,-0.645920059664293,0.0035364540734825842
105375989,-0.677539916758171,0.015490492832312627
3440,0.84628996763629,0.014228487516807761
101929602,0.6402485937996798,0.01177877601912582
107987061,-0.6010921765317433,0.00820953015260129
246285,-0.8088435093829431,0.0060199755963565825
7169,0.5911132021186702,0.033846523445213494
392307,-0.7919930895382539,1.1191947519694994e-05
105376034,-0.5947574147594467,0.008587314442188394
401509,-0.6058425474964189,0.008521880171380388
105376065,-0.6732732968909403,0.001704897098508426
389730,-0.5463784767928122,0.010804107656579623
727905,-0.6918706735841855,0.008100046970594353
26165,-0.6819892247417669,0.023259768382746317
102723678,0.6090019040098804,0.00263396701120653
105379448,-0.5455229020837553,0.017616173879064896
727830,-0.6380719475924254,0.0030477091500702167
105376070,-0.6171080134831199,0.0065265913847750495
105376083,-0.5669309434163357,0.00226574918340742
105376090,-0.5699834763533405,0.010997078254149358
105376095,-0.6827598417455958,0.0051003601364807815
2619,0.5980751971928209,0.005288536034560461
1903,0.7447165870411476,0.004437460400917914
1164,0.7236137924428023,0.0006070722900034473
340515,-0.5599665130328719,0.04171240517487259
158435,-0.6044909132357024,0.021340913390249242
441454,-0.5062354263378817,0.02582567514047265
112268050,-0.8087658935578164,0.005032975202801972
100302223,-0.8642018897365593,0.0005584522262395337
112268051,-0.6464387383241821,0.007926584764954316
101928470,-0.5770371422548513,0.037098712088500185
112268038,-0.8936459410444262,0.001183448999069682
9314,0.6921082278392339,0.014886264203003107
401546,0.9205786333012711,0.0011897389636337749
79987,-0.5807347360517525,0.0256570837220367
105376218,-0.587543472128669,0.038162643400114625
107987119,0.7804075821323297,3.195316742410107e-06
101928797,0.8685230990433184,0.004503447732685661
138881,-1.1002569408282614,0.0002586751785512123
100616250,-0.836861284138003,0.012361328002525358
100422910,-0.7110102325860703,0.03610714747854589
29941,0.67382497443701,0.0017487937504594348
414318,-0.7192288009589345,0.008661246771971378
256158,-0.6139274836476103,0.020579346699022703
389799,-0.7184551517333667,0.027669265534727414
414316,0.5719499686677649,0.005087175316628081
100506599,0.547074704700826,0.03379288171140327
105376317,0.5994995565301511,0.029328643196279452
105376323,0.5274450852604984,0.012938095176644841
105376325,0.6910629489362934,0.02064470032524043
102724193,0.6852340980744143,0.005635381116576195
101928612,0.5936724613297415,0.014867057836000327
51162,0.5190874370310699,0.007685381620630299
406913,0.8480548725587287,0.004366415995191113
414332,1.239919262603947,6.0374552110306165e-05
158062,0.8525030042448343,0.011679993571077516
100128593,0.7345934075823082,0.007309295952113356
100131193,-0.5585271162922014,0.0030706890414904722
100289341,-0.6174877486022492,0.00471149430907965
101930307,-0.6870593486479937,0.010300303200975422
643596,-0.5122188953696796,0.04472793952952275
142680,-0.534708759119229,0.04524484855146734
100129722,-0.7963036917946229,0.0004919071971299115
441476,-0.7419967908937588,0.0019036793214827882
54863,0.6211668958682992,0.0027153070117665185
100133077,-0.5805133050194713,0.04066271522255967
112267861,-0.9166675688496562,0.001416746421792653
107984285,-0.6374829577014927,0.009474701986524251
105376341,-0.5537969450397817,0.03090354803971921
1645,0.503479484911793,0.010605658823469576
1646,0.7403632265655267,0.0014196997873882533
101928051,0.5863500826662627,0.02233832606243591
79861,1.0174803411894968,0.003198163837328177
100132159,-0.8415426996155273,0.014558011481621046
810,-0.5448738763786403,0.04927469647994036
3601,0.5434591357775824,0.014269479500766805
207107,0.5471181833131045,0.009385322195900178
254312,-0.5858543372159537,0.003532754428523577
414196,-0.9596797803372268,0.0072623690269750995
221044,0.511629095611833,0.04258939442063083
55301,0.7780211381036506,0.006370546460829283
105376433,-0.6090362073607378,0.004030337861062845
7431,0.6004816282186702,0.026613789372810358
105376447,-0.5562797953496279,0.016107083364351855
100128811,-0.7656970674632939,0.010060890207869577
57512,-0.6441531528902065,0.04299954817789624
2572,-0.9607097934832289,0.017810252031628598
729668,-0.6097048421911522,0.022912180694651844
105376486,0.564459331844783,0.0027679331483014056
56288,0.536581992318494,0.013499934467573098
105376493,0.5470796600197922,0.028699278569655304
8325,0.6096425984215097,0.005793809449220905
100616500,0.5484436777145345,0.009951386341929621
414201,-0.6767889035471182,0.001179522846844628
728407,-0.7322263931587534,0.00050313001502566
195977,-0.5646113846641712,0.03264930475170964
9721,-0.7835800825705181,0.02304382191562673
102724643,-0.7507093447359328,0.00816530403863505
399761,-0.6868513171492943,0.0026736762984265507
107987147,-0.7405157666452364,0.0014740909579035507
170370,0.606307297295351,0.0070469465911204765
282966,-0.6093468806581479,0.029308645753061118
100652748,-0.7066541541278282,0.001318927696637819
56624,-0.6960274327606655,0.04415281250423576
104355295,-0.6508260377385948,0.002815968346352468
305,-0.9291505797277839,0.004221316391662429
102724863,-0.6571484006550963,0.04619260612207595
105378339,-0.5283087492643765,0.01281651029092112
101928961,-0.629263061387795,0.034522773572632684
107984241,-0.5132168720634063,0.010220495040817502
5552,0.6649826184467642,0.022407058851304323
101928994,0.7219061302707974,0.004347825733212442
54541,0.7804708122532986,0.0012621709569268507
79933,-0.6233586123506685,0.002193213935855565
105378360,-0.5612551870731943,0.004190872038437341
729096,-0.6498416954852022,0.0006068546105320393
2749,-0.5565450870889297,0.026180032578450394
5328,0.5207137283314109,0.03570355577833763
414236,0.5234146473193051,0.030614479634940888
107984244,-0.8567757954912862,0.012628863873553218
105378369,0.5895193663300788,0.031623814366026855
105378383,-0.5089104439263754,0.043851091461113136
729238,-0.7005859154317484,0.01574409102226773
107984248,-0.6715816305607736,0.0013007455763100898
8512,-0.5166833483398898,0.026428162102701824
100507470,-0.5374855121656728,0.03484542053213097
79812,0.5512689641699922,0.005430234704073153
10974,0.5263854784694608,0.02090241677940963
728118,-0.6531468634835109,0.00045766194618182597
728130,-0.6316216324185682,0.0010778211586963985
112268064,-0.579040181399916,0.008325233941954927
8513,-0.5419939352570586,0.014872443376305208
105379869,-0.6708300596587704,0.011481939731579694
387700,1.1047654586119715,0.009357997536729876
107984252,-0.5196956080717827,0.004543247020376375
105378429,-0.5442723750875618,0.04189291858383392
105378433,0.5858939782490005,0.03150883385933084
3087,0.6820154377396239,0.0026587069560801194
9124,0.9549679221585343,0.009802271585773983
7479,-0.6768161167981077,0.01726426648330695
107984263,-0.7542766880159082,0.010566677542355343
4791,0.7518630953540661,0.0010321720261580714
1586,-0.6497071856433312,0.0008561273038320623
729020,-0.5229354147663345,0.015830917633962542
100302174,-0.9051398067504244,0.009947041365734153
85450,0.5763335371804068,0.012199845595420946
840,0.5726988658526162,0.0038375473851368414
2018,0.6719241479551616,0.012627625582870028
2834,-0.986197712534028,0.009758507969373331
9531,0.8655462881379368,0.006449922959248552
404216,0.6258958751146455,0.003270218828125456
1755,-0.8555574258497751,0.010849772705675737
50624,0.5672775805626697,0.0014640138092338962
105378553,-0.6832387136493461,0.007067008177247977
101927590,-0.589217493105644,0.04795456648185924
118471,-0.7412091310172166,0.01113542526269203
619207,-0.7218316350059277,0.0009146342825655227
105378576,-1.1321184431970672,0.0009027599029954136
105378575,-0.5586948633445878,0.032812761147396056
399833,-0.6227321097577745,0.026813108865982784
101930129,-0.66079473922718,0.0023572940025450508
3665,0.6129278431358633,0.010308948219195263
727897,-0.8525140324726852,0.003976626773227745
440021,-0.6440874439037056,0.042569165495984
7136,0.894034552340953,0.0003798405913667976
51214,0.5644284951354517,0.012426758994472034
29850,0.5899272729963405,0.017376456864226345
107987158,0.918171340093255,0.004421068839973034
101927708,-0.5003443992140695,0.011832494244027861
143630,0.7183084456531907,0.004863567493939262
85363,0.5010416641138811,0.017420973293749833
107984019,-0.5445850012362223,0.034158612756802
105376544,0.5512330111268102,0.02599975820358003
133,0.8706867808108232,0.01546167057912387
10894,0.6641720789864305,0.04009333518423183
797,-0.6278190856711188,0.037768984286994045
374383,-1.090590677785631,0.004500283835708774
107984317,-0.785265825330324,0.01699273298979419
7166,-0.7084850018733615,0.002579611010676776
105376577,-0.5617767739588135,0.03378460961659486
3948,-0.9322568675274592,0.03085212360277077
100874014,-0.6203654677397052,0.0067123678975716085
143662,-0.8112334614472543,0.029891608996494182
105376671,-0.5428895235605955,0.004298776654634951
627,-0.5746180360424296,0.038785952537555464
79056,0.5827709276372071,0.021141737091982762
399881,-0.5771315404741851,0.01657510796316518
107984328,-0.581801157709755,0.020601956516729324
729799,-1.088583939411731,0.00014180097822723303
387763,0.6527265887302693,0.042106620198991286
399886,-0.5721323580835134,0.029629976501601932
143678,0.9572052479514812,0.0002589171063009626
101928943,-0.6361384639157945,0.015116391218989092
399888,-0.611663650036474,0.03684408899143938
101927226,-0.500910169390294,0.029110167809242585
64231,0.8943289787272883,0.01848908676092378
84689,0.5807339726901066,0.026893241025172175
9299,-0.668096471058496,0.000466610977195209
54979,0.5372822379705626,0.029869497663488818
693197,1.200174431751596,0.0004744522838357097
105369346,0.6251342313080166,0.02011776962568469
109136578,0.5974423802480562,0.041734154167753196
100616292,0.5857909756407791,0.0034890726971658396
6494,0.5039984446963448,0.008312376665853998
8061,1.2334415783808201,0.000986189245129243
105369350,0.5608831444799602,0.020712458173613776
55231,-0.6101308868579811,0.027783808510812313
29984,0.6481484969936835,0.039219803105839085
107984341,-0.6107951651158425,0.028920970689200947
374403,-0.6435754593756675,0.0013529115469365159
107984343,0.5441176973423789,0.039510706625738266
116535,0.5901998254589857,0.03897492337750588
285407,-0.5434155441688828,0.003346298789383702
871,1.3913618898700513,1.6081874261596437e-05
105369391,-0.6623202930790248,0.04271932870982522
107984359,-1.0983023975489445,3.3941687224587576e-06
101928813,0.9159546753432359,0.0003105628198113321
2615,0.8884630280340673,0.000989369093675052
107984360,0.9068738585485248,0.0012509862765567575
5058,-0.6266008886308558,0.04802858904117738
101928865,-0.6826393878066435,0.004649540518560418
100126333,0.5258832746823738,0.011623840098190555
101929043,-0.5284174341909282,0.04600635973745589
220388,-0.5154543285665829,0.03346900148343554
399939,0.5201033412996205,0.017150735806407025
26973,0.5907221466265824,0.0012751066205182366
55693,-0.5128273421833134,0.007692981435665211
643733,0.6852790150462242,0.011402425427494643
837,0.7103450314024062,0.00909449366075232
834,0.6297018440628994,0.00770238079801008
112267904,-0.8638006761224362,0.006027475269703314
105369484,0.5730944985419741,0.03458709099159143
3606,0.611548020579459,0.040448499548312825
100288346,-0.6269408380638124,0.011424953482713647
335,0.5041671216032895,0.004480721035570644
105369515,-0.5387326025295105,0.023854695731970382
486,0.6144206998286927,0.0007580495610567858
6327,-0.6193305326298617,0.029446841396708532
120425,0.7492684478187974,0.03585566746734315
10205,1.1698128929523817,0.004578770525301589
916,0.5528799883893032,0.03608150541000583
100131626,-0.7031159564514153,0.016185354946208288
649946,-0.9164775362068944,0.001726207550678067
107984398,-0.6108213204909232,0.017245926686698252
105369520,-0.7741300755199623,0.0028569054678119427
105369526,-0.5554865377371763,0.03260294233237739
105369530,-0.7039727112496279,0.025965024577293057
7007,-0.7479772375443883,0.00019803448920671177
105369536,-0.5673386037902577,0.03678914542643459
85391,0.9408091441840876,0.0006177449726622644
85390,0.6141806695817005,0.013689341650113963
85389,0.7414180633371976,0.00591014417232675
105369543,-0.9794795467991371,0.02080161882078309
90952,0.610375142364596,0.0011557256336335042
399967,-0.6933581163933613,0.023307626024799244
338667,-0.6715496084698318,0.010806830545000855
101929538,-0.6883510889153206,0.01398068529090362
100507392,0.5888543341133912,0.023251352242640643
440072,-0.6930654492719641,0.0029628844386566018
22997,-0.6645746444204246,0.02129639904878366
107987374,-0.5386100199668267,0.011398334903473716
112267876,0.5733028222279981,0.048233960662338884
102724852,0.6853922687503271,0.034167512472094506
6539,0.8056032052011552,5.488381042281255e-07
6540,0.6601953241765841,0.0008515019073057036
7004,0.7639876794617262,0.00231634597730699
105369606,-0.5966613777078758,0.025440696658649856
100129223,-0.8070650148750884,0.03776045429509355
2251,0.6779871345540522,0.01559475688815507
57101,0.607827753099988,0.008000718812135998
105369621,0.7111744517790148,0.011857701440862529
105369623,0.5139759377444257,0.0242070098372723
55200,0.5036159262617476,0.02233216329769358
7132,0.6173862786496525,0.008544601550362522
4055,0.530539638560148,0.01713032704763503
719,0.6533430211217262,0.03353022468923455
642559,-0.5889880894833497,0.013737468329733712
101927905,-0.5345402771772578,0.005550339113977294
26253,1.2005787411277073,0.014802529147264517
9976,0.8720200150971955,0.0012364290681700903
100506159,0.7996276338428645,0.024740753131856554
51267,0.8311704073998181,0.0009623199672727809
8531,0.8693863539579603,0.00913692897295165
50840,-0.6001545503685382,0.0022678337195982767
259290,-0.5953408149664279,0.01828414674036987
81575,0.7610814407433626,0.0102975083158953
107984129,0.7197903263470211,0.006698937901704946
9052,1.323781358888625,0.012341053925096141
2012,0.7271943886919008,0.04298616689396311
728858,-0.5858933234554167,0.03411534122713055
387849,0.6068008519116388,0.006809246916634174
645485,-0.7055275024572523,0.023322351232566527
101927019,-0.9217244482657936,0.006235394103662526
341567,-0.9165234330426144,0.0003326775946691964
341568,-1.0338623448876239,4.7066954325027246e-05
677793,-0.5943637756290285,0.030985644884433193
7471,-0.835944608406578,0.03512374123690955
101927292,-0.698217405903744,0.017375634827789237
2819,-0.509915757053597,0.025338177840491766
105369768,-0.504051898745042,0.0022234196090166903
3892,-0.5344545332100781,0.031083054751357794
3852,-1.0626425079601258,0.020740785435179016
3856,0.7411201862317225,0.02810602970902794
3875,0.8617613805967723,0.03879955307145403
121340,-0.575266388599212,0.012320264475065233
8620,0.5948010101625467,0.00893136137010404
102216268,-0.6270828851236092,0.02205178028358782
107984525,-0.7431827869740308,0.029939940539158286
112935960,0.5290528919668813,0.035783524569000524
4778,0.9027030948809225,0.007653574620011097
102724050,0.6414355401408796,0.019116498392728914
3678,0.9986956887439149,0.0021697850368514178
121355,0.674359970695098,0.02107925646709741
196410,0.663185903381903,0.00134596397873651
1017,0.5496039400459463,0.04066961720383043
692090,-0.8062720934647891,0.0013217056772763722
26789,-0.6325484594147301,0.011609545198682208
4640,-0.5238501290249342,0.044257517918716946
56901,0.603663023321225,0.007201440711529324
2735,0.5035834474711258,0.029510754933475672
100129940,0.5453926075995335,0.015161263971453363
102465249,0.6549570802345821,0.0015753768607741588
105369811,-0.5216313970670834,0.02801758763894855
105369813,0.5331536465921928,0.015056031396717023
4069,0.8747850134686983,0.010613468310970178
105369823,-0.5001652769820503,0.01811448808260657
105369827,-0.7316802289906263,0.007147044717736141
102724663,-0.7165741112938906,0.010607586277763151
105369872,-0.7296141131274316,0.009033992386795376
8092,0.6009949227942604,0.020727285000055405
107984543,-0.7353360987120929,0.023584359827655173
105369893,-0.5054997687272338,0.021756122025472217
1634,0.6618368019053023,0.014476425423310397
105369901,-0.5418514118303723,0.046329958897729
112267866,-0.6462295940176377,0.006393041210903549
105369914,0.707895142195345,0.0050900289900064075
112268099,-0.598272380912513,0.01615708349922621
442903,-0.591768036519762,0.011272845710641195
144193,-0.5275958509315917,0.03434972801941281
283431,0.5665362461804486,0.009254346894215976
4604,0.5090189919130861,0.01954905316766564
55010,-0.5336577118738104,0.021823603665465572
105369957,0.6732848739645434,0.011123516812529294
105369958,0.7428852353602897,0.0010935555042027685
105369965,-0.6984867840895035,0.046177334084883864
1610,-1.0413204985152218,0.005604656191867883
105378256,-1.0506250789336025,0.022199552004077725
100131733,-0.5645985028454801,0.008596186515124454
100500889,-0.5027739238556693,0.011549178097865764
6926,0.6854304483901812,0.002761381394010504
102723639,0.6623219758390295,0.013421792989061921
105370021,-0.9074421250276252,0.0055818140184565315
112268101,-1.5282177348345982,0.0017316788471189502
105370034,-0.5107879363419009,0.031371724199440905
105370047,0.697255160277896,0.0021976274848339167
102659353,-0.5721542546676526,0.03564572672885408
107984448,-0.6266686223153899,0.03777114538277536
105370066,-0.9131761918174068,0.01350156452205956
400087,0.8369158247787585,0.018631528094868132
100128276,-0.6411684565779487,0.017974790313793506
105370090,-0.5271412419469339,0.03573992677699512
105370103,0.6056087669748393,0.008834432315040438
100996930,-0.6749010693424138,0.03275738136964931
105370121,1.0494846065474295,0.00013835583550142293
2322,-0.7582670169296257,0.021360591454993357
100874107,-0.7135414488227747,0.018618632679245913
28984,0.5104275992961362,0.013230229172050046
160857,-0.527972451829779,0.03860982148035681
641467,-0.5001806278278176,0.027231466131382547
101926897,-0.5897112310974528,0.04701777660108577
81624,0.5614121651714443,0.014871732795678678
100874086,-0.5730480981286391,0.024243697580074056
100874212,-0.7515463914700158,0.01864620198770582
100500861,-0.6997645657395082,0.021363417065293922
100505538,-0.5266101024316825,0.009933867097221289
103724388,0.738956534335315,0.011079105550261288
1638,-0.5187402358209878,0.03243107606547605
100885778,-0.5686748037944236,0.004124319370536147
283480,-0.5957343637446852,0.018061826058445186
112268112,0.6056948965663933,0.03015367675529282
101927646,0.5693693927730168,0.032365945745452956
55647,0.6671832059570528,0.013047003973157075
107984613,-0.6627256824824834,0.008707802252153209
101060553,-0.675172107266218,0.013754940475584771
107984618,-0.6519445373784047,0.03063151878261801
102725228,-0.7454878061853414,0.00541940119915451
107984583,-0.659919344981108,0.02874385241471135
107987192,0.6079545260371515,0.012420083235222416
390441,-0.7906838535050265,0.010786215714315907
4860,0.6355100263981228,0.004920915381686682
6039,0.5552868000952191,0.0382623387637305
28681,-0.5139663871939875,0.028694360087683345
107984651,-0.5007295047090095,0.04760297663175584
101926933,-0.5941121218813061,0.025582431188062246
84962,0.5527207041201283,0.012578155488104814
102724845,-0.5213904817982522,0.04807402104997668
161247,0.6775863991746727,0.007274843095404543
107984700,-0.8414425020245966,0.002322834153117382
105370431,0.5643489013095425,0.0028626269800809323
101954278,0.6085615154239599,0.003947575680108428
4792,0.5961362603379534,0.0013843491343003
283547,-0.5246886124678367,0.037422758231324446
105370458,-0.7270690255698691,0.014116854051774317
100506433,0.6182574998707906,0.03276659904337814
5732,0.610845032510992,0.033046971348871954
652,0.5018595804458128,0.02965303098387632
112268133,0.5444243567334159,0.03168347594029362
55451,-0.5421652763923217,0.010527975303034984
317761,0.6467994414980309,0.021762520331917314
6495,1.083477252999847,0.003671190748030853
51804,0.5378718096875943,0.014514558750780233
101927756,-0.6966424450789206,0.027889365049140614
107984641,-0.6338875901814531,0.01068899214306098
105370540,-0.6489344906581613,0.011615667872028643
440184,-0.6958038329641353,0.013109586476901223
105370538,-0.6670648967779829,0.004621397742933759
100289511,-0.5299357779895129,0.002004416900448931
105370556,-0.6033809735997209,0.01406772111590546
145474,0.5231758481051434,0.03931919251025705
101928352,0.6255774871304562,0.005911593663132864
5228,0.8067905707723382,0.0009449946296802166
107984689,0.9555162298091922,0.00014694259369602263
107984690,0.5166551084099615,0.03319203809233047
2353,0.8270143013027429,0.022634596472701062
9369,-0.6228067047789096,0.025969823178213718
105370589,-1.1447533094206577,0.00360981708091547
105370598,-0.6077349287374119,0.007169401104164394
105370624,0.5908493822420038,0.039689474674446196
101929002,0.5612687301367458,0.016291635583940776
57578,-0.552623436524625,0.014348761728973338
5104,1.0281850739306364,0.018815136953998498
112268127,0.7905906853586413,0.01724073675131666
768222,-0.7260916005648506,0.026583171852517393
724026,-0.6304282809039056,0.020797317115562347
1735,0.5585230598355295,0.03340086859154897
105370676,-0.7363082541314188,0.02513592969657735
107984661,-0.5074309340264094,0.015186593885200389
105370677,-0.628517052888621,0.01895435162140942
105370691,0.516347120806655,0.03384654549191874
105370697,0.7912337221087418,0.0028156136638640824
105378187,0.6615671808480519,0.031035198360235848
3507,0.841077653287702,0.030738061897750968
105379203,0.542100466304164,0.033713716113604554
283755,0.61392322910309,0.01727024159228308
112268154,-0.5970636331184257,0.0005549804363329894
101927846,-0.661413719087254,0.016333338043813293
283796,-0.5331686741519883,0.01800829648374247
105370733,-0.5310382032919767,0.04981478876762676
791114,-0.657348876500913,0.04588976425822209
338428,-0.5335388760144884,0.014515689026090002
100033424,-0.73831020314972,0.0022250091153194367
100033441,-0.9816001937112023,4.321907614941844e-05
100033450,-0.7437596258941599,0.012297354999976848
100033460,-0.7176032658995382,0.03446371046438038
100033799,-0.7775194151225985,0.0006920541829901538
347745,-0.681074774708168,0.04014874730809632
100036566,-0.9045333841244423,0.009687952920462057
728310,-0.6386804642316939,0.030448260436527867
101927579,-0.8848842229531377,0.0006458182782523453
283710,-0.5969967917476096,0.00903013985804799
105370756,-0.5948754196386399,0.022945261337839612
100131315,-0.646580016945185,0.010443276578870505
23015,-0.553111239016685,0.009707989788782383
440270,-0.7036378165392367,0.0054081218395590986
105370764,-0.8360134642925283,0.005510525983113236
145942,-0.560249684460816,0.03793980892924154
105370774,-0.65856662136897,0.015645609585258114
105370785,-0.554361296240173,0.03241493596445935
107984763,-0.6259668097863882,0.037184193907590576
100505648,-0.5649629740377948,0.01068623974035854
54567,0.7195688893160002,0.0008342737842818435
105370790,-0.5020345749269133,0.04694399273481031
110006325,-0.5753246668290561,0.005159785105358014
105376714,0.737824959843792,0.014112007352681725
283651,-0.5162852380509748,0.04649218349885743
58472,0.5178401126047634,0.015129480911632496
3067,-0.8458820800436726,0.011065304602538469
100616396,-0.7353385189511594,0.006007766602958007
112543478,-0.5252866703344554,0.010613724498206233
100129973,-0.5628672016057941,0.035231601181884335
302,0.6460533657089691,0.035919490558627094
388125,1.3664768684756505,0.0005311820150045039
105370855,-0.547721620606487,0.029271780653671527
348093,0.6394816056351145,0.007166913292492485
4091,0.5049747642232987,0.04671878622674119
80035,-0.6274069198878354,0.0070972042383921
105370886,-0.6213331781730171,0.011299748114475018
107983949,-0.5675085665666164,0.013305222065306137
112268145,-0.820675031252269,9.186946736252994e-05
55889,-1.0697674418132894,0.00042263985878917084
101241892,-1.4722374163742487,0.0008479930093321337
342096,-0.8028190308469085,0.009779761950918979
107987224,-0.5276503995486213,0.004695623180498378
732265,-0.5923220346363192,0.0005763774978313095
102723750,-0.6535521918714391,0.0026978286617239254
653641,-0.5474118657045888,0.044261114338624945
653643,-0.7539926404609418,0.00601478162556672
101929439,-0.5654274674461046,0.04033622749279269
91450,0.7348006810972634,0.0016106172706410408
5923,-0.5145805561255798,0.016869841457961814
100129540,-0.7359495775743259,0.004226647329566493
105370917,-0.8714317848351802,0.0062909725459129005
105370918,-0.7007082120321031,0.011977838853452664
597,0.891336929889702,0.041640588200219424
100847042,-0.6296990099738098,0.037542823592781625
101929655,-0.5302441218226757,0.018484873429260505
388165,-0.6449594729535342,0.011928549585659457
100133220,-0.5950008689618618,0.0017515875576874262
107984777,-0.8436301412286493,0.004261600411963058
290,1.002961340196249,6.742656431777205e-05
342132,-0.5987009527765315,0.00265581267126484
2242,0.5253193140948937,0.00287137872912877
105370970,-0.6117046473523202,0.022965273520590624
100144604,0.8068240012120773,0.019756787124037337
196968,-0.5289432433815042,0.018394182489848664
101927751,-0.5355351208641235,0.03758614641895782
574042,0.5478666848220746,0.01512197999968339
102465429,-0.9390747117720366,0.005598654074397323
100507303,0.6079350243210637,0.0005211718732056836
9074,0.542928308749107,0.03198077147280043
51330,1.0608544652432341,0.00042148109283989595
9235,0.6348593161986713,0.01583082741892186
4993,-0.7374783197922117,0.005566848687640017
105371067,-0.5856080530341048,0.021330428961899253
101927009,-0.658454236804288,0.017498038719120534
101927131,-0.507828182876578,0.0006129190982894137
105371085,-0.7610430491483657,0.003169607504277747
101927311,0.5168736442344817,0.04565966944484163
100288162,-0.5044745468694485,0.023670496316069996
105371103,-0.6212562146516731,7.800930048673442e-05
102465252,-0.7008856375826813,0.012221376002855472
102723692,-0.6386040715265788,0.031092835463503037
105371115,0.5140838311337204,0.01981109376112838
116285,0.5306254265648738,0.043165744152746904
100190986,-0.6359083590422472,0.011037085435341652
112268176,0.7148653519026875,0.017244037024052538
283887,-0.6323675971427294,0.011946432296159118
3566,0.7638415452310241,0.02078858241831444
26471,0.7394494410150418,0.010295184124645435
107984835,-0.6776992369853061,0.01805070822301665
101928188,0.5300815975223307,0.04647831708223987
440352,-0.8280830632016838,0.0026047726888808803
6911,0.6025297369318965,0.011692218781349734
79153,0.5980405640988096,0.0037797264083901496
7041,0.6582319118075928,0.013821689555557315
51327,-0.6382243070578941,0.00445815994692591
440359,0.674025107702847,0.04302503595065297
100132341,-0.5906256713279054,0.006864092837906273
79801,-0.5989375098757801,0.0038500856353217614
85320,-0.5407631334331899,0.008007436644617274
100505692,-0.6774436632991432,0.004071707183778914
105371271,-0.6964056197122499,0.002520154103865233
107984815,-0.610759798877007,0.00856888526225794
102725116,-0.6375879431645131,0.018563023034175938
4502,0.781938349422207,0.00156647964449013
4500,1.1382552377759163,0.00010861548123949284
4493,0.6356933293847717,0.006682975129326508
4499,0.6754729992007213,0.012107541455866509
4489,1.3319505891298764,0.0013104670112724292
4494,0.814323930503356,0.0007960127782738218
4495,0.8184455042309615,0.0047934227094456605
4501,0.5957740341608702,0.049057818485387844
92922,0.8107535649189526,0.00016087112861077252
29070,-0.536835654624193,0.02091140265846463
221191,-0.5681766868956561,0.008128127877160983
105371296,-0.6075253249434192,0.01942660929751944
105371314,-0.775387837189518,0.0058303237455314
100505865,-0.6829558510713412,0.03371288114957745
6236,0.632509879282944,0.03278441284987592
283849,-0.5155772963956657,0.013676872325149867
3291,0.6659435070452657,0.049484302865211126
3240,0.9799595830461603,0.011578834284673396
3250,0.6786910588425519,0.009348972738440603
107984827,0.7405363841903676,0.004303692937521247
197259,1.0780152341770455,0.00010179374512598657
105371343,-0.5904757051309861,0.010831107866316235
102724084,-0.6076648067942456,0.03299670423097831
100129617,0.6955092406564205,0.009177655419271359
105371372,-0.572795480590996,0.0200587848318335
105371371,-0.7035622206110155,2.547255127531009e-05
400550,0.5061837305157963,0.021341995164847336
2294,0.9206751815602567,0.00028457855513415616
2303,0.9858417166482796,0.012796549761257
102465464,0.5022931899977261,0.047056249473803546
1535,0.5642160910814535,0.023158803948318787
400558,0.6497434572354157,0.03833095419780268
750,-0.8381069680711026,0.0028404763465861905
105377826,-0.6795138786509476,0.02076910612615967
101929828,-0.6615576638740839,0.004737874548991305
101927727,0.7204680513128539,0.0012993399311528517
105371480,0.5727186193319618,0.006285422518159897
286753,0.8385235081157445,0.027946334869409166
5345,0.6049090081548716,0.010424410005674994
101927911,-0.8481171773124938,0.04559558659207972
388323,-0.6091712388476953,0.001760743950102724
100130311,-0.5665443708977911,0.020887354178325785
100652883,-0.5780428224102856,0.0218953452307667
162517,0.5718428152971062,0.04399434497150862
255877,0.9133477054167605,0.00037292049093484584
1366,0.715645287078766,0.0007266292435447454
643664,-0.5707712933327136,0.024322746232871485
242,-0.6673531271228637,0.029567529941206448
107985075,-0.6406345274074461,0.006953023719548312
84667,0.5553945719873887,0.028687412887098855
112268195,-0.5872416692309113,0.041589618154652126
102724262,-0.7105594168831253,0.02501595891075897
101928266,-0.590538960773864,0.046162073820046085
100506898,-0.5952331548641214,0.027743852910572592
1770,-0.5091568942249891,0.04386287544772001
9720,-0.7698120120038316,0.03542677762550427
100129396,-1.1445821260286348,0.0018757274806757256
284191,-0.5214337581154835,0.03286357446765382
105371567,-0.5589052829855357,0.04454843647495085
80039,-0.7796904486236489,0.014549357180750226
125206,0.5225686060506698,0.0028451131607526606
100874309,-0.5333189281455872,0.012346386754655296
100996259,-0.8300801931021358,0.004306019668538806
339256,0.900703040472064,0.01007667683834898
339260,-0.6658592225637321,0.015901539014368374
105371709,-0.6692069055706122,0.036135569672474416
105371711,0.5457663519013702,0.008376348173300237
23615,0.9015920074879684,0.00022194661542076436
26772,0.6581807572651197,0.002595317615412829
105371716,-0.5922489330987517,0.015006633135429407
124925,-0.6598674690256967,0.015445532850940046
105371723,-0.6292853752551495,0.0012384040645253946
503645,-0.6439882792395634,0.006554011024150224
6347,0.9672784621279291,0.017716271333020086
400591,-0.8184798512671199,0.027461746886605964
10693,-0.5352440123711499,0.03469521817067748
105371932,-0.6879921401689315,0.006297477095355315
105371745,1.021941448311786,0.000505233697851835
6358,0.6849363539700694,0.008261466782555354
348249,0.7347908193756412,0.005941903058709192
107985031,-0.6810323420402815,0.011955052123143777
101929494,0.5351716098584509,0.025522906465674233
8557,0.6566311197774732,0.0016901178419745956
1440,1.4926202332183411,0.016628731581141108
125115,-0.650552872332437,0.011504807718425667
94086,0.8781825268065953,0.0009691315397975327
100847046,-0.5439068956758639,0.014461569120757007
2118,0.7423041058458892,0.003561180689382177
105371786,-0.7248981260907046,0.01137785795977937
162417,0.5359753650797439,0.01272393960551196
2535,0.7254707284896487,0.0044261024120163025
51751,0.9327725694773443,3.3125126669025204e-06
728806,-1.0926565737884202,0.023810262581511813
105371798,-0.7798109753743213,0.0015278348688474873
4635,0.7275969643684961,0.006253030404016625
107985029,0.5505501983851793,0.041501290872095926
80320,-0.5376653935479667,0.044867773065749184
100506325,-0.5959975915894935,0.006380315274676263
1748,-0.794266125515986,0.01514936051568644
373861,0.6520570559674286,0.007837979184671742
107985001,-0.6018304351187538,0.021266747840803537
55273,0.6175930748383953,0.0031607918553662306
8288,-0.5769038261692607,0.0009802978412124326
4025,-0.6467149852975376,0.021263134680818103
4353,-0.5462619792956769,0.04274824833771684
103689912,0.8125476180559108,0.0003195162258901627
6909,0.6279400165292843,0.0051977111448767
105371856,-0.6553821590761761,0.023703857058036234
107983996,-0.7994670634473093,0.006953654366629059
92340,0.5463094290730472,0.007775300615883393
3384,0.6490791547681365,0.0027818129747651807
5175,0.6177432547628783,0.009653265455538212
440456,-0.5504798685419479,0.004124709572264819
100422961,-0.7693900932457507,0.0007372808689624505
105371873,0.6481235271667056,0.033826472518395864
105371880,0.7490029075929638,0.041055496117001655
101928165,0.7772528651452315,0.00824390111674632
105371887,0.5292035791790246,0.004237732151532203
350383,-0.6098774815978216,0.04867517486816428
105371894,-0.7295461928002593,0.015333385206495104
2302,0.9523556970579579,0.007168265819647735
283994,0.5963723714008694,0.002271665517809102
107985079,-0.663790329354359,0.03607460113102685
147138,0.5246378584082967,0.021773481915213784
9021,1.1263071878638238,0.0313740884989952
101928710,0.5533502737539749,0.026467737771032
84733,0.5476595541947127,0.002197869021395348
100302229,-0.6571554873215564,0.04140042148395124
284185,0.5756675748218996,0.014485070200758376
5148,0.5641405492778193,0.010228954875582891
105371939,0.5096552598801888,0.03464012230154266
6398,0.7359944906537867,0.04305249846591352
284207,0.5457836858187441,0.0020379824282773075
27098,-0.5449945021585583,0.03932743763748601
105371952,-0.7645154498915052,0.0019118905584433082
116,-0.8815070691681122,0.02433758228951177
645158,-0.7251697613230395,0.008020526176397187
7050,0.5365065531688549,0.022725558914655
105371967,-0.9233347848713,0.010279124205962963
642597,-0.7250153176887606,0.048485540223101274
107985144,-0.6547485905288666,0.002055490564820378
100286986,-0.9056945642594596,0.03532353528708814
84203,0.5616952173488032,0.029416354732682153
105371996,-0.6492119877893103,0.04963929115234107
440482,-0.9123251209481094,0.017851329133507753
101927642,0.506711436368567,0.037550736803375256
80000,-0.5280803733752082,0.009999818474229994
59340,0.6107990095532254,0.017509060122153506
729950,-0.6672004080939657,0.03461167639089254
105372028,-0.7227506374376498,0.04788092377942147
105372030,-0.6695918599041499,0.025201192788570727
105372061,0.5750203812572909,0.011148439426812337
105372072,-0.5321996736018157,0.040593193310324245
284260,-0.7360031621301824,0.009084579431929337
147323,-0.7698631835051724,0.008768241696412151
105372143,-0.7511269263952551,0.017094043544554696
107987259,-0.711062392310545,0.019859051819463926
5366,0.6319293416604062,0.0195895745564395
105372165,-0.5048801597550518,0.013186561661833102
105372210,-0.5846326220129558,0.027165394196018402
400661,0.6176984405072039,0.013721799961700754
645321,0.5022013388124407,0.017314721857161874
102723506,1.0068020721421411,0.013108428459841689
284240,-0.5149515974616579,0.04657965246088554
101928344,-0.5252723378249717,0.021634498291553145
107985295,-0.5616155694558014,0.021450385997499183
3004,0.5205201555094106,0.030416659085126148
1675,0.6598605906684591,0.0005726759066207436
103625684,0.6074235746128083,0.006868793183920684
107985303,-0.8327802691243322,0.004485851765231835
105372236,-0.7086463003310195,0.011328848279208104
1153,-0.5907885517753382,0.0019067724905359896
107985337,-0.5980323060915778,0.020396767061208264
2872,0.6262569693034568,0.0004023127305731532
126326,0.5172190716386247,0.02502600463968445
6915,0.5346432241855679,0.013795635090514282
27134,0.5280153885065637,0.008852511333079646
84839,0.887811166634261,0.0109988780050405
729359,0.7760741866546486,0.004557481593860438
116844,0.9182342849759269,0.02344503745810049
29128,0.6460171610796346,0.014418777465822576
5623,0.7287749675553368,0.0013551968692807068
9322,0.809703042988696,0.0004883097025599947
107985302,0.7596400456078616,0.00013751085309482474
10045,0.7319541158426635,0.011510954610545056
84467,-0.5692866288301612,0.015640663881971332
729648,0.6299292629746374,0.04195315972599744
3383,0.6888829622170833,0.02771271313918135
25959,0.6085677028803698,0.002038551624163398
57572,0.5461949941635673,0.003523932887521996
126068,-0.6693167394102542,0.00892395198410251
284454,0.891793294929017,0.0004781287438151439
3337,0.9424229367935357,4.8297136688503725e-05
26664,0.983995955414704,0.00580135307138334
26659,1.0206066398061404,0.038769966602584575
4854,0.516624783376745,0.022619407607441917
10365,0.6028482277791714,0.020541789994721643
9002,0.7476541706272133,0.04986426011894411
27151,0.5537470891943368,0.023107289893494563
3640,0.5533031888773317,0.0427462158110172
9518,0.9604275057569462,0.017767625343371216
51477,0.6272011394076369,0.00024018690975218733
101060187,-0.8197021285290833,0.015577974982449266
7617,-0.634420887507618,0.030207662567118636
148206,-0.5821125766679032,0.013583903663007465
105372347,-0.6510105967321924,0.011240360624746676
105372346,-0.9675567007323296,0.0002549572931714251
109616972,-0.6169813219929658,0.013007521183395538
105372368,0.5423024957955171,0.039597933631438396
11136,0.7961854841151323,0.00079988578293599
126248,-0.7627115782424463,0.0005769205339855003
105372370,-0.6404980813758994,0.013283441846861208
53827,0.6997013128313814,0.0028696712022474743
388533,0.5531085761692096,0.03284994516602719
26330,-0.5620047268227495,0.0005997101317843727
11045,0.9088947326557475,0.0013681130095810079
4868,-0.5988794154521404,0.004103698212941
84063,-0.5562954693707871,0.003836736838282096
126231,-0.5905111667792369,0.012717813801748943
101180976,-0.746306361217536,0.004282893767398086
64857,0.5177836795355262,0.023863805779841707
79935,0.5017877736488598,0.018307208505510708
57716,0.5183935954654633,0.006852049248801497
29950,0.685962494490159,0.0010633222049399567
8190,0.9503997358041034,0.0017041443462647897
1548,-0.6738365148576047,0.00045362654838873665
1549,-0.8078019746369587,0.00018463085309381559
7040,0.5000235796863297,0.024736224943186027
100505495,1.0656958575676034,0.00012121552976621174
101927931,0.7279079845537595,0.019393502106782614
1088,-0.6895627809416152,0.005740256980314097
100289650,0.6207964333228544,0.03753110611842451
57126,0.9542313306209107,0.029051503628087574
5329,0.7319370705905985,0.002228724598239095
7638,-0.5845517271750529,0.012513052495176624
107985305,1.2857991019200719,0.0005584549365026874
602,0.6911962572256147,0.0031811431380147086
102465879,0.7748682008924737,0.002159489650056544
4059,0.5722514540617123,0.005509540979923918
7408,0.5584609718521953,0.0034880189128662057
107985315,0.6182193039032793,0.01487004439526904
2828,1.2391857147756795,0.0002507007740001902
147912,0.6449162019325874,0.0022524129428249575
3171,0.6912890297688952,0.004254485673775214
339345,0.9331259556486702,0.012147851954438358
105372421,-0.6455373337468506,0.0037840799752397263
64344,0.837949794125354,0.004352636362924008
728,0.6472895797466176,0.024762926296197637
692091,0.6878680388256733,0.0005457331578576488
107985293,-0.659002332626617,0.007628777059684591
2014,0.6416684629355283,0.006182245566388014
107985340,0.9552057163718268,0.00015350304198810124
8463,0.7578170693318542,0.002097815528669374
93650,-0.5762120518261331,0.02053325270988126
3816,0.6051107899027742,0.04287679707961778
102238594,0.5638164028684036,0.001885574569063137
23547,0.8110519892944721,0.027140542741714156
54869,0.7056449694649336,0.0017244743071358442
100506374,-0.6588445137999543,0.005831816289192063
105372471,-0.6540141658989902,0.021276137304859877
23619,-1.163576898014032,0.0006967652329251183
100169890,-0.8914418631637133,0.009212220579459196
284312,-0.6350064467776955,0.007452176194900117
102465976,0.5676937041938181,0.005145378104702694
6939,0.8863355340529004,0.00010940898932175033
113278,0.8225082737831046,0.007533458009740101
105372505,-0.6421313797366555,0.014661640259966092
80332,0.8061377564656063,0.0002540274734175763
54498,0.5326226554851381,0.004145153973977807
56261,-0.5402065238665053,0.027162077365024923
105372522,-0.8585291989312527,0.004197742495919581
105372523,-0.6428044934058841,0.035553425057090124
105372550,-0.5857314931605124,0.002095049362772626
101929591,-0.743533533385051,0.0048611464197637864
105372558,-0.8102437785402476,0.02113758586232255
101926889,-0.9528973687759974,0.0028806118667915265
85366,-0.5727433188390529,0.03525627292641154
7052,0.6512834735206514,0.03533942295287686
140679,-1.0075840548705628,0.013508625153650193
102466912,0.5312305991169812,0.012481745997570475
105372631,0.8349256283947808,0.005240388865911539
57119,0.5964251445676458,0.0233628760295014
4318,0.6092363227363276,0.014836993803104562
2139,0.6899298638463573,0.0011136955601003561
1051,0.5463096519149726,0.012131256935413698
140876,1.1258330193692547,2.0290730096720914e-06
105372659,0.8648084266167518,0.00010879131033910638
1591,-0.8918971549791097,0.01735261716314853
7022,0.794534910018621,0.0047473935355751935
105372687,-0.5304023047232509,0.02425122822792833
5105,0.9444559953197693,0.03597446172996991
81027,0.5067093093678015,0.015240016593224711
28231,0.9241648546514334,0.002545268812457583
100127888,0.8034117153036524,0.010518737905723545
105372724,-0.7947682378195022,0.02144521866983731
79025,0.7469040238699058,0.007983272443538048
8771,0.6392688977627072,0.01892790242402186
102724370,0.7437290388469399,0.0006096026351689549
102724428,0.6468391117215617,0.02507058452825073
102723451,-0.5264151150534113,0.007333923602236003
102723584,-0.514471072357336,0.025213498265087887
105379507,0.5388461676943761,0.011243523222008908
85319,-0.5491635057188915,7.434200275953631e-05
105378260,-0.5892208536718322,9.85001462749033e-05
110091776,-0.6589375463233809,0.038152881743726684
149998,-0.6455861022216607,0.03379026407146261
100996571,-0.5375303418107786,0.010761843731811212
9510,0.6024701561823562,0.04839592565902559
642976,0.5827445460347658,0.005281441318344338
64968,0.6901065321085422,0.00011970139388136783
6526,0.5832280807915353,0.002394184290515426
114036,0.7308947528233971,0.012555615673878957
101928147,-0.5139870126920778,0.008955099672920467
100874006,-0.5082988791572891,0.021827206248960496
3772,1.0302080080847014,0.0005587317777409215
25825,0.5708874418436967,0.008854825693695641
191585,0.5900599080476363,0.04224140739650405
7113,0.6154901721848641,0.0045846467874761454
54101,1.0971065431586107,0.004129502292373758
150094,0.6464947975818989,0.0232500037751435
102723380,0.712504085335111,0.00238794204472887
105377139,-0.6208800587389613,0.0007746423297979669
84536,-0.5094054182218546,0.014885329216509806
1292,0.688639381295765,0.018890818429912127
23783,0.6520990317498279,0.01944256863212033
8318,0.711520659562261,0.002367219538649665
7122,0.6318110799676919,0.00701199617092893
6899,0.5536897767315097,0.025384428428779734
388849,-0.8766901724042908,0.0006454318214192753
100302118,-0.6004195898083516,0.019418458233094044
6545,-0.679765218393829,0.04310983550569102
105372952,-0.6813746754455243,0.03544240486598986
28821,-0.5885010523834509,0.029068187554075593
3538,0.8116162409263743,0.04556948352458748
2687,0.6559213482314199,0.010203675497105026
11200,0.633727575439508,0.0034556366143991676
105372990,0.5721709341532228,0.02574317441053388
6525,0.8341356060755754,0.0010579405331155832
25775,-0.5128572095228092,0.02720832887592038
6523,-0.6417510936043773,0.03853876548545276
8224,-0.6207125946444183,0.02302811065666149
3162,0.6350845317948046,0.02287199685635577
112268296,0.6098038698013477,0.01254095595255595
105373019,0.7162660938933834,0.002984300888752656
105373021,-0.605534418917034,0.0021271280619256988
112268295,0.8443507542150366,0.0015266474129806654
105373024,0.5956172315067656,0.013203251596270608
102465492,0.6801765439739742,0.0008294474476312539
23764,1.134134974615968,4.804975022511148e-05
101927202,-0.5000747698523205,0.029332453223927378
164668,-0.5498097280978125,0.04065221085838883
9402,0.5438142969356214,0.02891429724898458
53947,0.7366670662418526,0.006757948059051786
64800,-0.5977977405009121,0.004610115215044525
105373057,-1.183044675881943,0.002944376010051669
80339,-0.6349153069037925,0.027645550453123637
10343,-0.8100611812887468,0.0007304316815295695
9620,0.8957683395120961,0.0004153411666170776
400932,-0.9186908287533817,0.033120045872561094
284933,0.6763321755981035,0.041327429968918666
105373083,0.8327085328953394,0.0007927229666536616
100128946,-0.7036508235173056,0.0035590433460436577
348645,0.8931985639725584,0.00038819221033107286
105373089,0.5192481913725558,0.026695520163652692
102465493,0.5842487178897362,0.0013561970833604205
113218480,-0.5626335824955842,0.025375108479533254
107985568,0.5419905962700948,0.008295516817974365
105379549,0.6520389059850538,0.01223713366206891
286530,0.9011967730556063,0.002064113892841667
105379413,-0.5068739454489375,0.03104081752014215
100129464,0.8549912119316136,0.0025755093584143283
5613,0.6126454455889423,0.0031962494183208658
51311,0.7191309430717685,0.049267123245389004
105373138,-0.9247239547476798,0.0004993613105132899
140462,0.5112604114517838,0.02629239413030122
105373142,-0.5371832994642569,0.03463370351169279
5475,-0.7285103434912035,0.034036596535636704
257240,-0.7015422844777452,0.024353168028588546
105373176,-0.582330399853124,0.0227794230754772
2623,-0.6607742938198327,0.026270739131592964
4007,0.5404921618597216,0.013744173255141842
100873921,-1.0700611434627438,0.015098664837180706
85417,-0.5595280680548971,0.01942583327694132
340602,0.7568124679273929,0.0024537983854271564
102723508,-0.6971740376678328,0.0007840473054257001
5207,-0.5531330932435599,0.0061058083783343915
112268310,-0.7209763324852672,0.008558095633560955
158830,0.6845124608504296,0.006016626444969086
3561,0.6409509465248995,0.003681099527314428
107985688,0.6334928798886459,0.015242454077033661
441501,-0.6274430912860689,0.018883311269499693
100132741,-0.6294863928363257,0.019203502379183897
9383,-0.5660834290441912,0.03110428153585984
693122,-0.5086912276057551,0.039357566535403954
105373252,-0.6222241244138438,0.02755589557169641
286495,-0.5117935518939793,0.022079510494683232
27286,0.9355162877614376,0.0015771210657885954
94121,0.7498146508806744,0.01173383630230066
9737,-0.6940502991761548,0.00737453796118888
100506901,-0.6668931907670776,0.0018887234428663446
142684,-0.6637395583948109,0.002090271259295847
107985661,-0.6197977051243653,0.0009545047376682845
112267910,-1.1049083017463732,0.0003820627867638225
105373328,-0.855375564006077,0.035082416358477135
105373331,-0.602933229834046,0.040048115710187966
107985699,-0.5582505019640776,0.007086594255692625
107985705,0.8223694619163249,0.03818829983804067
680,-0.615768176784637,0.031628591960487715
105373366,-0.8061885258957657,0.007406489599986467
89885,0.5918013496039771,0.045960998508579695
2564,1.0349720052563116,0.0012282494387236063
158511,0.8260408168449644,0.0005323898155980736
4111,0.7896029590800451,0.001504966050609052
100130935,0.713142327477686,0.00229087826308559
1193,0.5227541511345555,0.007329506337246467
474381,0.5320243635020885,0.011003944540659998
100128260,0.5139119957306191,0.04452643920958426
727856,0.5951083854584782,0.001367576941092406
112268311,-0.5672125845175002,0.028444923652972416
105377223,-0.5786935901901078,0.0064690653035784935
105377224,-0.6094563191847095,0.010132440172436407
4572,0.6210806715874142,0.021503771437225136
4566,0.5543335230618123,0.012203193254327484
4537,0.536320171041698,0.007985153428643678
4541,0.7211611462191403,0.009560498046653414
4556,0.7201959341123629,0.013962544080280059
